{"f1":0.84,"auc_score":0.8896,"_step":59,"_wandb":{"runtime":4414},"sensitivity":0.7869,"specificity":0.9923,"_timestamp":1.7409589294810753e+09,"precision":0.9114,"running_loss":0.0362,"_runtime":4413.114882748}